<?xml version="1.0" encoding="utf-8"?>
<!DOCTYPE hibernate-configuration PUBLIC
"-//Hibernate/Hibernate Configuration DTD 3.0//EN"
"http://hibernate.sourceforge.net/hibernate-configuration-3.0.dtd">
<hibernate-configuration>
    <session-factory>
        <property name="hibernate.bytecode.use_reflection_optimizer">false</property>
        <property name="hibernate.connection.driver_class">com.mysql.jdbc.Driver</property>
        <property name="hibernate.connection.password">payroll123</property>
        <property name="hibernate.connection.url">jdbc:mysql://payrollaws.cdgipilt6exu.us-east-2.rds.amazonaws.com/payroll</property>
        <property name="hibernate.connection.username">payroll</property>
        <property name="hibernate.dialect">org.hibernate.dialect.MySQLDialect</property>
 		<property name="connection.pool_size">100</property>
        <property name="show_sql">true</property>
        
        <mapping resource="hibernate.cfg.xml"/>
        <mapping class="com.example.PayRoll.POJO.Absent"/>  
        <mapping class="com.example.PayRoll.POJO.Approval"/> 
        <mapping class="com.example.PayRoll.POJO.Attendance"/>  
        <mapping class="com.example.PayRoll.POJO.Bankdetails"/>  
        <mapping class="com.example.PayRoll.POJO.Bonus"/>  
        <mapping class="com.example.PayRoll.POJO.BonusSetting"/>  
        <mapping class="com.example.PayRoll.POJO.Catagory"/>  
        <mapping class="com.example.PayRoll.POJO.Complaints"/>  
        <mapping class="com.example.PayRoll.POJO.Contractor"/>  
        <mapping class="com.example.PayRoll.POJO.DayPresent"/>  
        <mapping class="com.example.PayRoll.POJO.Deductions"/>  
        <mapping class="com.example.PayRoll.POJO.DeductionType"/>  
        <mapping class="com.example.PayRoll.POJO.DeductionSetting"/>  
        <mapping class="com.example.PayRoll.POJO.Department"/>  
        <mapping class="com.example.PayRoll.POJO.Designation"/>  
        <mapping class="com.example.PayRoll.POJO.Empleave"/>  
        <mapping class="com.example.PayRoll.POJO.Empleft"/>  
        <mapping class="com.example.PayRoll.POJO.Employees"/>  
        <mapping class="com.example.PayRoll.POJO.Emptype"/>  
        <mapping class="com.example.PayRoll.POJO.EmpWorkDetails"/>
        <mapping class="com.example.PayRoll.POJO.ESI"/>
        <mapping class="com.example.PayRoll.POJO.GroupDeductions"/>
       	<mapping class="com.example.PayRoll.POJO.Welfare"/>  
        <mapping class="com.example.PayRoll.POJO.Holiday"/> 
        <mapping class="com.example.PayRoll.POJO.Hoursleave"/>  
        <mapping class="com.example.PayRoll.POJO.IncentAmount"/>  
        <mapping class="com.example.PayRoll.POJO.Incentive"/>
        <mapping class="com.example.PayRoll.POJO.LateDeduction"/>
        <mapping class="com.example.PayRoll.POJO.TblLeave"/>  
        <mapping class="com.example.PayRoll.POJO.leaveApplication"/>  
        <mapping class="com.example.PayRoll.POJO.LeaveAproval"/>  
        <mapping class="com.example.PayRoll.POJO.OtherDeduction"/>  
        <mapping class="com.example.PayRoll.POJO.OtherDeductiontype"/>  
        <mapping class="com.example.PayRoll.POJO.Overtime"/>  
        <mapping class="com.example.PayRoll.POJO.ProfessionalTax"/>  
        <mapping class="com.example.PayRoll.POJO.Provisional_Fund"/>  
        <mapping class="com.example.PayRoll.POJO.Salary"/> 
        <mapping class="com.example.PayRoll.POJO.SalaryEarning"/> 
        <mapping class="com.example.PayRoll.POJO.SalaryDeduction"/> 
        <mapping class="com.example.PayRoll.POJO.SalaryDetails"/> 
        <mapping class="com.example.PayRoll.POJO.SalarySlip"/> 
        <mapping class="com.example.PayRoll.POJO.Salarytype"/> 
        <mapping class="com.example.PayRoll.POJO.Shift"/> 
        <mapping class="com.example.PayRoll.POJO.ShiftAllownce"/> 
        <mapping class="com.example.PayRoll.POJO.Society"/> 
        <mapping class="com.example.PayRoll.POJO.TDS"/> 
        <mapping class="com.example.PayRoll.POJO.WageSheet"/> 
        <mapping class="com.example.PayRoll.POJO.Workhours"/>
        <mapping class="com.example.PayRoll.POJO.WagesDayFilter"/>
        <mapping class="com.example.PayRoll.POJO.Login"/> 
        <mapping class="com.example.PayRoll.POJO.UserRoles"/>
        <mapping class="com.example.PayRoll.POJO.Roles"/> 
         
    </session-factory>
</hibernate-configuration>